precision,recall,fmeasure
0.4042297383922014,0.8674159588363337,0.5318101427409063
0.39628983624174097,0.8268291143785215,0.518620409077949
0.3681103407414223,0.8005935220138969,0.4874036856043623
0.3628189322146522,0.8041939956143705,0.48122336517687414
0.4068138971448341,0.6071401419826767,0.44201802466732687
0.041691224000840126,0.19494060526956103,0.0645406109281158
