precision,recall,fmeasure
0.3978996172882119,0.8253861129355201,0.5214196838296797
0.37923624858274896,0.8245514875847656,0.49821122794435235
0.3752684393160257,0.8402728033060813,0.49589152820099247
0.37016378719478854,0.8005935220138969,0.48910164081194896
0.34626339318504007,0.6074467870897808,0.41433759227859573
0.042159535546642916,0.19408607259684654,0.06544117881057392
